{
  "getAllUserGrants" : {
    "transaction" : "getAllUserGrants",
    "sampleCount" : 160,
    "errorCount" : 158,
    "errorPct" : 98.75,
    "meanResTime" : 89496.75,
    "medianResTime" : 99132.5,
    "minResTime" : 4091.0,
    "maxResTime" : 101602.0,
    "pct1ResTime" : 99379.0,
    "pct2ResTime" : 99694.1,
    "pct3ResTime" : 101084.10999999999,
    "throughput" : 0.5979810664244843,
    "receivedKBytesPerSec" : 0.3871255844330579,
    "sentKBytesPerSec" : 1.583131514723415
  },
  "getProjectNav" : {
    "transaction" : "getProjectNav",
    "sampleCount" : 160,
    "errorCount" : 19,
    "errorPct" : 11.875,
    "meanResTime" : 2154.156249999999,
    "medianResTime" : 1613.0,
    "minResTime" : 426.0,
    "maxResTime" : 12152.0,
    "pct1ResTime" : 4487.7,
    "pct2ResTime" : 4893.149999999999,
    "pct3ResTime" : 10242.089999999956,
    "throughput" : 0.9291737322585891,
    "receivedKBytesPerSec" : 4.5981679760999095,
    "sentKBytesPerSec" : 2.4826360658784177
  },
  "Total" : {
    "transaction" : "Total",
    "sampleCount" : 800,
    "errorCount" : 177,
    "errorPct" : 22.125,
    "meanResTime" : 32614.078750000004,
    "medianResTime" : 3099.0,
    "minResTime" : 193.0,
    "maxResTime" : 130570.0,
    "pct1ResTime" : 99195.8,
    "pct2ResTime" : 99694.1,
    "pct3ResTime" : 109969.16,
    "throughput" : 2.873222642431034,
    "receivedKBytesPerSec" : 1740.6665719401078,
    "sentKBytesPerSec" : 6.371595680109757
  },
  "getNavigations" : {
    "transaction" : "getNavigations",
    "sampleCount" : 160,
    "errorCount" : 0,
    "errorPct" : 0.0,
    "meanResTime" : 2107.1000000000013,
    "medianResTime" : 574.5,
    "minResTime" : 193.0,
    "maxResTime" : 17057.0,
    "pct1ResTime" : 6294.600000000001,
    "pct2ResTime" : 9170.899999999998,
    "pct3ResTime" : 15433.789999999964,
    "throughput" : 1.867893249900768,
    "receivedKBytesPerSec" : 102.65306965636601,
    "sentKBytesPerSec" : 4.937877956524784
  },
  "getAllModules" : {
    "transaction" : "getAllModules",
    "sampleCount" : 160,
    "errorCount" : 0,
    "errorPct" : 0.0,
    "meanResTime" : 68040.3875,
    "medianResTime" : 64492.5,
    "minResTime" : 7075.0,
    "maxResTime" : 130570.0,
    "pct1ResTime" : 105051.6,
    "pct2ResTime" : 109937.79999999999,
    "pct3ResTime" : 126451.27999999991,
    "throughput" : 0.9055715288311336,
    "receivedKBytesPerSec" : 2685.1266829569317,
    "sentKBytesPerSec" : 2.3833156935545947
  },
  "Login" : {
    "transaction" : "Login",
    "sampleCount" : 160,
    "errorCount" : 0,
    "errorPct" : 0.0,
    "meanResTime" : 1272.0000000000002,
    "medianResTime" : 868.0,
    "minResTime" : 333.0,
    "maxResTime" : 8399.0,
    "pct1ResTime" : 2493.9,
    "pct2ResTime" : 3290.2499999999995,
    "pct3ResTime" : 6413.449999999955,
    "throughput" : 2.2781313627497046,
    "receivedKBytesPerSec" : 7.854825633961243,
    "sentKBytesPerSec" : 1.1234925177623054
  }
}